mode,lambda_real,lambda_imag,lambda_abs,lambda_angle_rad,omega_real_growth_decay,omega_imag_angular_frequency,frequency_cycles_per_time,amplitude_abs
1,0.9765504604072399,0.18256011041327824,0.9934681653861389,0.1848106415781257,-0.10377688665144216,2.926645950742755,0.4657901697405891,7.249904241554933
2,0.9907833184760236,0.1681697927277475,1.0049540603213936,0.1681317908592924,0.07825839850573056,2.6625210578118383,0.4237533874370161,2.652028734726051
3,0.9957839810435996,0.11398253225873876,1.00228626378054,0.11396909560490691,0.036163758885849925,1.8048051200607569,0.2872436561752311,2.9502027977215177
4,0.9891846208752477,0.10944647038462829,0.9952209523798023,0.11019491123599542,-0.07586201951081428,1.7450374502647403,0.2777313360901109,6.188679872038963
5,0.9897820329591895,0.1439065812676981,1.0001887706333152,0.1443805181325505,0.002989073934757124,2.2863978781229615,0.3638915241780902,3.6760129826269696
