mode,lambda_real,lambda_imag,lambda_abs,lambda_angle_rad,omega_real_growth_decay,omega_imag_angular_frequency,frequency_cycles_per_time,amplitude_abs
1,0.9851636186200471,0.17313562029694995,1.00026161501287,0.17396650746640452,0.004142371757593159,2.7549191447732837,0.43845899970916496,6.953680906603679
2,0.9899351896760684,0.14227378441883837,1.0001067490482463,0.1427428481530196,0.0016903788289635577,2.2604638725196047,0.35976399899214306,2.135104889442316
